
TRUNCATE TABLE SYS_DOMAIN;
INSERT INTO SYS_DOMAIN (ID,NAME,MAIN_TABLE,AVAIL_RESC,REC_STATUS,ID_HOPO,OPT_LOCK) VALUES('1','ResourceAlloc','RALTAB','GAT;PST;CHU',' ','YYZ',0);
INSERT INTO SYS_DOMAIN (ID,NAME,MAIN_TABLE,AVAIL_RESC,REC_STATUS,ID_HOPO,OPT_LOCK) VALUES('3','SwingGate','SWITAB','GAT;PST;CHU','X','YYZ',0);

COMMIT;

TRUNCATE TABLE SYS_DOMAINATTRIBUTE;
INSERT INTO SYS_DOMAINATTRIBUTE (ID,ID_SYS_DATADOMAIN,NAME,DATA_TYPE,TABLE_NAME,COL_NAME,REC_STATUS,ID_HOPO,OPT_LOCK) VALUES('1','1','Origin3',3,'AFTTAB','ORG3',' ','YYZ',0);
INSERT INTO SYS_DOMAINATTRIBUTE (ID,ID_SYS_DATADOMAIN,NAME,DATA_TYPE,TABLE_NAME,COL_NAME,REC_STATUS,ID_HOPO,OPT_LOCK) VALUES('2','1','Id',3,'RALTAB','URNO',' ','YYZ',0);
INSERT INTO SYS_DOMAINATTRIBUTE (ID,ID_SYS_DATADOMAIN,NAME,DATA_TYPE,TABLE_NAME,COL_NAME,REC_STATUS,ID_HOPO,OPT_LOCK) VALUES('3','1','FlightNumber',3,'AFTTAB','FLNO',' ','YYZ',0);
INSERT INTO SYS_DOMAINATTRIBUTE (ID,ID_SYS_DATADOMAIN,NAME,DATA_TYPE,TABLE_NAME,COL_NAME,REC_STATUS,ID_HOPO,OPT_LOCK) VALUES('4','1','AirlineCode2',3,'AFTTAB','ALC2',' ','YYZ',0);
INSERT INTO SYS_DOMAINATTRIBUTE (ID,ID_SYS_DATADOMAIN,NAME,DATA_TYPE,TABLE_NAME,COL_NAME,REC_STATUS,ID_HOPO,OPT_LOCK) VALUES('5','1','GroupId',3,'RALTAB','GRID',' ','YYZ',0);
INSERT INTO SYS_DOMAINATTRIBUTE (ID,ID_SYS_DATADOMAIN,NAME,DATA_TYPE,TABLE_NAME,COL_NAME,REC_STATUS,ID_HOPO,OPT_LOCK) VALUES('6','1','ResourceCategory',3,'RALTAB','RESC',' ','YYZ',0);
INSERT INTO SYS_DOMAINATTRIBUTE (ID,ID_SYS_DATADOMAIN,NAME,DATA_TYPE,TABLE_NAME,COL_NAME,REC_STATUS,ID_HOPO,OPT_LOCK) VALUES('7','1','ResourceType',3,'RALTAB','RETY',' ','YYZ',0);
INSERT INTO SYS_DOMAINATTRIBUTE (ID,ID_SYS_DATADOMAIN,NAME,DATA_TYPE,TABLE_NAME,COL_NAME,REC_STATUS,ID_HOPO,OPT_LOCK) VALUES('8','1','ResourceName',3,'RALTAB','RESD',' ','YYZ',0);
INSERT INTO SYS_DOMAINATTRIBUTE (ID,ID_SYS_DATADOMAIN,NAME,DATA_TYPE,TABLE_NAME,COL_NAME,REC_STATUS,ID_HOPO,OPT_LOCK) VALUES('9','1','AllocationType',3,'RALTAB','ALTY',' ','YYZ',0);
INSERT INTO SYS_DOMAINATTRIBUTE (ID,ID_SYS_DATADOMAIN,NAME,DATA_TYPE,TABLE_NAME,COL_NAME,REC_STATUS,ID_HOPO,OPT_LOCK) VALUES('10','1','FromDateTime',2,'RALTAB','BFRT',' ','YYZ',0);
INSERT INTO SYS_DOMAINATTRIBUTE (ID,ID_SYS_DATADOMAIN,NAME,DATA_TYPE,TABLE_NAME,COL_NAME,REC_STATUS,ID_HOPO,OPT_LOCK) VALUES('11','1','ToDateTime',2,'RALTAB','BTOT',' ','YYZ',0);
INSERT INTO SYS_DOMAINATTRIBUTE (ID,ID_SYS_DATADOMAIN,NAME,DATA_TYPE,TABLE_NAME,COL_NAME,REC_STATUS,ID_HOPO,OPT_LOCK) VALUES('12','1','FlightId',3,'AFTTAB','URNO',' ','YYZ',0);
INSERT INTO SYS_DOMAINATTRIBUTE (ID,ID_SYS_DATADOMAIN,NAME,DATA_TYPE,TABLE_NAME,COL_NAME,REC_STATUS,ID_HOPO,OPT_LOCK) VALUES('13','1','ArrivalFlightID',3,'RALTAB','OURI',' ','YYZ',0);
INSERT INTO SYS_DOMAINATTRIBUTE (ID,ID_SYS_DATADOMAIN,NAME,DATA_TYPE,TABLE_NAME,COL_NAME,REC_STATUS,ID_HOPO,OPT_LOCK) VALUES('14','1','DepartureFlightID',3,'RALTAB','OURO',' ','YYZ',0);
INSERT INTO SYS_DOMAINATTRIBUTE (ID,ID_SYS_DATADOMAIN,NAME,DATA_TYPE,TABLE_NAME,COL_NAME,REC_STATUS,ID_HOPO,OPT_LOCK) VALUES('15','1','WingSpan',1,'ACTTAB','ACWS',' ','YYZ',0);
INSERT INTO SYS_DOMAINATTRIBUTE (ID,ID_SYS_DATADOMAIN,NAME,DATA_TYPE,TABLE_NAME,COL_NAME,REC_STATUS,ID_HOPO,OPT_LOCK) VALUES('16','1','DoorHeight',1,'ACTTAB','ACHE',' ','YYZ',0);
INSERT INTO SYS_DOMAINATTRIBUTE (ID,ID_SYS_DATADOMAIN,NAME,DATA_TYPE,TABLE_NAME,COL_NAME,REC_STATUS,ID_HOPO,OPT_LOCK) VALUES('17','1','Length',1,'ACTTAB','ACLE',' ','YYZ',0);
INSERT INTO SYS_DOMAINATTRIBUTE (ID,ID_SYS_DATADOMAIN,NAME,DATA_TYPE,TABLE_NAME,COL_NAME,REC_STATUS,ID_HOPO,OPT_LOCK) VALUES('18','1','GroundTime',1,'AFTTAB','ETTT',' ','YYZ',0);
INSERT INTO SYS_DOMAINATTRIBUTE (ID,ID_SYS_DATADOMAIN,NAME,DATA_TYPE,TABLE_NAME,COL_NAME,REC_STATUS,ID_HOPO,OPT_LOCK) VALUES('19','1','AirlineCode3',3,'AFTTAB','ALC3',' ','YYZ',0);
INSERT INTO SYS_DOMAINATTRIBUTE (ID,ID_SYS_DATADOMAIN,NAME,DATA_TYPE,TABLE_NAME,COL_NAME,REC_STATUS,ID_HOPO,OPT_LOCK) VALUES('20','1','Origin4',3,'AFTTAB','ORG4',' ','YYZ',0);
INSERT INTO SYS_DOMAINATTRIBUTE (ID,ID_SYS_DATADOMAIN,NAME,DATA_TYPE,TABLE_NAME,COL_NAME,REC_STATUS,ID_HOPO,OPT_LOCK) VALUES('21','1','Destination3',3,'AFTTAB','DES3',' ','YYZ',0);
INSERT INTO SYS_DOMAINATTRIBUTE (ID,ID_SYS_DATADOMAIN,NAME,DATA_TYPE,TABLE_NAME,COL_NAME,REC_STATUS,ID_HOPO,OPT_LOCK) VALUES('22','1','Destination4',3,'AFTTAB','DES4',' ','YYZ',0);
INSERT INTO SYS_DOMAINATTRIBUTE (ID,ID_SYS_DATADOMAIN,NAME,DATA_TYPE,TABLE_NAME,COL_NAME,REC_STATUS,ID_HOPO,OPT_LOCK) VALUES('23','1','AircraftType3',3,'AFTTAB','ACT3',' ','YYZ',0);
INSERT INTO SYS_DOMAINATTRIBUTE (ID,ID_SYS_DATADOMAIN,NAME,DATA_TYPE,TABLE_NAME,COL_NAME,REC_STATUS,ID_HOPO,OPT_LOCK) VALUES('24','1','AircraftType5',3,'AFTTAB','ACT5',' ','YYZ',0);
INSERT INTO SYS_DOMAINATTRIBUTE (ID,ID_SYS_DATADOMAIN,NAME,DATA_TYPE,TABLE_NAME,COL_NAME,REC_STATUS,ID_HOPO,OPT_LOCK) VALUES('25','1','BestTimeArrival',2,'AFTTAB','TIFA',' ','YYZ',0);
INSERT INTO SYS_DOMAINATTRIBUTE (ID,ID_SYS_DATADOMAIN,NAME,DATA_TYPE,TABLE_NAME,COL_NAME,REC_STATUS,ID_HOPO,OPT_LOCK) VALUES('26','1','BestTimeDeparture',2,'AFTTAB','TIFD',' ','YYZ',0);
INSERT INTO SYS_DOMAINATTRIBUTE (ID,ID_SYS_DATADOMAIN,NAME,DATA_TYPE,TABLE_NAME,COL_NAME,REC_STATUS,ID_HOPO,OPT_LOCK) VALUES('27','1','FlightType',3,'AFTTAB','FLTI',' ','YYZ',0);
INSERT INTO SYS_DOMAINATTRIBUTE (ID,ID_SYS_DATADOMAIN,NAME,DATA_TYPE,TABLE_NAME,COL_NAME,REC_STATUS,ID_HOPO,OPT_LOCK) VALUES('28','3','Id',3,'SWITAB','URNO',' ','YYZ',0);
INSERT INTO SYS_DOMAINATTRIBUTE (ID,ID_SYS_DATADOMAIN,NAME,DATA_TYPE,TABLE_NAME,COL_NAME,REC_STATUS,ID_HOPO,OPT_LOCK) VALUES('29','3','Resc',3,'SWITAB','RESC',' ','YYZ',0);
INSERT INTO SYS_DOMAINATTRIBUTE (ID,ID_SYS_DATADOMAIN,NAME,DATA_TYPE,TABLE_NAME,COL_NAME,REC_STATUS,ID_HOPO,OPT_LOCK) VALUES('30','3','Resd',3,'SWITAB','RESD',' ','YYZ',0);
INSERT INTO SYS_DOMAINATTRIBUTE (ID,ID_SYS_DATADOMAIN,NAME,DATA_TYPE,TABLE_NAME,COL_NAME,REC_STATUS,ID_HOPO,OPT_LOCK) VALUES('31','3','Avai',3,'SWITAB','AVAI',' ','YYZ',0);
INSERT INTO SYS_DOMAINATTRIBUTE (ID,ID_SYS_DATADOMAIN,NAME,DATA_TYPE,TABLE_NAME,COL_NAME,REC_STATUS,ID_HOPO,OPT_LOCK) VALUES('32','3','Flti',3,'SWITAB','FLTI',' ','YYZ',0);
INSERT INTO SYS_DOMAINATTRIBUTE (ID,ID_SYS_DATADOMAIN,NAME,DATA_TYPE,TABLE_NAME,COL_NAME,REC_STATUS,ID_HOPO,OPT_LOCK) VALUES('33','3','Stfr',2,'SWITAB','STFR',' ','YYZ',0);
INSERT INTO SYS_DOMAINATTRIBUTE (ID,ID_SYS_DATADOMAIN,NAME,DATA_TYPE,TABLE_NAME,COL_NAME,REC_STATUS,ID_HOPO,OPT_LOCK) VALUES('34','3','Stto',2,'SWITAB','STTO',' ','YYZ',0);
INSERT INTO SYS_DOMAINATTRIBUTE (ID,ID_SYS_DATADOMAIN,NAME,DATA_TYPE,TABLE_NAME,COL_NAME,REC_STATUS,ID_HOPO,OPT_LOCK) VALUES('35','3','Remk',3,'SWITAB','REMK',' ','YYZ',0);
INSERT INTO SYS_DOMAINATTRIBUTE (ID,ID_SYS_DATADOMAIN,NAME,DATA_TYPE,TABLE_NAME,COL_NAME,REC_STATUS,ID_HOPO,OPT_LOCK) VALUES('36','3','Flto',3,'SWITAB','FLTO',' ','YYZ',0);
INSERT INTO SYS_DOMAINATTRIBUTE (ID,ID_SYS_DATADOMAIN,NAME,DATA_TYPE,TABLE_NAME,COL_NAME,REC_STATUS,ID_HOPO,OPT_LOCK) VALUES('45','1','NatureCode',3,'AFTTAB','TTYP',' ','YYZ',0);
INSERT INTO SYS_DOMAINATTRIBUTE (ID,ID_SYS_DATADOMAIN,NAME,DATA_TYPE,TABLE_NAME,COL_NAME,REC_STATUS,ID_HOPO,OPT_LOCK) VALUES('46','1','ServiceType',3,'AFTTAB','STYP',' ','YYZ',0);
INSERT INTO SYS_DOMAINATTRIBUTE (ID,ID_SYS_DATADOMAIN,NAME,DATA_TYPE,TABLE_NAME,COL_NAME,REC_STATUS,ID_HOPO,OPT_LOCK) VALUES('47','1','AircraftSizeICAOCode',3,'ACTTAB','ACIS',' ','YYZ',0);
INSERT INTO SYS_DOMAINATTRIBUTE (ID,ID_SYS_DATADOMAIN,NAME,DATA_TYPE,TABLE_NAME,COL_NAME,REC_STATUS,ID_HOPO,OPT_LOCK) VALUES('48','1','AircraftSizeFAACode',3,'ACTTAB','ACFS',' ','YYZ',0);
INSERT INTO SYS_DOMAINATTRIBUTE (ID,ID_SYS_DATADOMAIN,NAME,DATA_TYPE,TABLE_NAME,COL_NAME,REC_STATUS,ID_HOPO,OPT_LOCK) VALUES('49','1','Rkey',3,'AFTTAB','RKEY',' ','YYZ',0);

COMMIT;

TRUNCATE TABLE SYS_FUNCTION;
insert into sys_function (ID,NAME,DESCR,RET_TYPE,PARAMS) VALUES('1','getTwoDatesDiffInMinute','Function to calculate the difference between two date/time','1','[{"Name":"DateTime1""Description":"Date/time 1""DataType":2"Value":null}{"Name":"DateTime2""Description":"Date/time 2""DataType":2"Value":null}]');
insert into sys_function (ID,NAME,DESCR,RET_TYPE,PARAMS) VALUES('2','addNumber','Function to add three numbers','1','[{"Name":"Number1""Description":"Number 1 Example :1""DataType":1"Value":null}{"Name":"Number2""Description":"Number 2 Example :2""DataType":1"Value":null}]');
insert into sys_function (ID,NAME,DESCR,RET_TYPE,PARAMS) VALUES('3','isOverlap','Function to check overlap between 2 date pairs','3','[{"Name":"FromDate1""Description":"From Date 1""DataType":2"Value":null}{"Name":"ToDate1""Description":"To Date 1""DataType":2"Value":null}{"Name":"FromDate2""Description":"From Date 2""DataType":2"Value":null}{"Name":"ToDate2""Description":"To Date 2""DataType":2"Value":null}{"Name":"Duration""Description":"Duration""DataType":1"Value":0}]');
insert into sys_function (ID,NAME,DESCR,RET_TYPE,PARAMS) VALUES('4','isContain','Function to check if the given string2 contains in the given string 2','3','[{"Name":"Source""Description":"Main String""DataType":3"Value":null}{"Name":"Target""Description":"Target String to be searched""DataType":3"Value":null}]');
insert into sys_function (ID,NAME,DESCR,RET_TYPE,PARAMS) VALUES('5','findGapInMinutes','Function to calculate the difference between two date/time','3','[{"Name":"FromDate1""Description":"From Date 1""DataType":2"Value":null}{"Name":"ToDate1""Description":"To Date 1""DataType":2"Value":null}{"Name":"FromDate2""Description":"From Date 2""DataType":2"Value":null}{"Name":"ToDate2""Description":"To Date 2""DataType":2"Value":null}]');
insert into sys_function (ID,NAME,DESCR,RET_TYPE,PARAMS) VALUES('6','$$fnMaxFlightCount','Function to count total number of flights.','1','[]');

COMMIT;